{
    "vertices": [0.0, 0.0, -1.0, 0.7236, -0.52572, -0.447215, -0.276385, -0.85064, -0.447215, 0.7236, -0.52572, -0.447215, 0.0, 0.0, -1.0, 0.7236, 0.52572, -0.447215, 0.0, 0.0, -1.0, -0.276385, -0.85064, -0.447215, -0.894425, 0.0, -0.447215, 0.0, 0.0, -1.0, -0.894425, 0.0, -0.447215, -0.276385, 0.85064, -0.447215, 0.0, 0.0, -1.0, -0.276385, 0.85064, -0.447215, 0.7236, 0.52572, -0.447215, 0.7236, -0.52572, -0.447215, 0.7236, 0.52572, -0.447215, 0.894425, 0.0, 0.447215, -0.276385, -0.85064, -0.447215, 0.7236, -0.52572, -0.447215, 0.276385, -0.85064, 0.447215, -0.894425, 0.0, -0.447215, -0.276385, -0.85064, -0.447215, -0.7236, -0.52572, 0.447215, -0.276385, 0.85064, -0.447215, -0.894425, 0.0, -0.447215, -0.7236, 0.52572, 0.447215, 0.7236, 0.52572, -0.447215, -0.276385, 0.85064, -0.447215, 0.276385, 0.85064, 0.447215, 0.7236, -0.52572, -0.447215, 0.894425, 0.0, 0.447215, 0.276385, -0.85064, 0.447215, -0.276385, -0.85064, -0.447215, 0.276385, -0.85064, 0.447215, -0.7236, -0.52572, 0.447215, -0.894425, 0.0, -0.447215, -0.7236, -0.52572, 0.447215, -0.7236, 0.52572, 0.447215, -0.276385, 0.85064, -0.447215, -0.7236, 0.52572, 0.447215, 0.276385, 0.85064, 0.447215, 0.7236, 0.52572, -0.447215, 0.276385, 0.85064, 0.447215, 0.894425, 0.0, 0.447215, 0.276385, -0.85064, 0.447215, 0.894425, 0.0, 0.447215, 0.0, 0.0, 1.0, -0.7236, -0.52572, 0.447215, 0.276385, -0.85064, 0.447215, 0.0, 0.0, 1.0, -0.7236, 0.52572, 0.447215, -0.7236, -0.52572, 0.447215, 0.0, 0.0, 1.0, 0.276385, 0.85064, 0.447215, -0.7236, 0.52572, 0.447215, 0.0, 0.0, 1.0, 0.894425, 0.0, 0.447215, 0.276385, 0.85064, 0.447215, 0.0, 0.0, 1.0],
    "normals": [0.187597, -0.577354, -0.794651, 0.187597, -0.577354, -0.794651, 0.187597, -0.577354, -0.794651, 0.607065, 0.0, -0.794652, 0.607065, 0.0, -0.794652, 0.607065, 0.0, -0.794652, -0.491122, -0.356829, -0.794652, -0.491122, -0.356829, -0.794652, -0.491122, -0.356829, -0.794652, -0.491122, 0.356829, -0.794652, -0.491122, 0.356829, -0.794652, -0.491122, 0.356829, -0.794652, 0.187597, 0.577354, -0.794651, 0.187597, 0.577354, -0.794651, 0.187597, 0.577354, -0.794651, 0.982246, 0.0, -0.187597, 0.982246, 0.0, -0.187597, 0.982246, 0.0, -0.187597, 0.303536, -0.934171, -0.187589, 0.303536, -0.934171, -0.187589, 0.303536, -0.934171, -0.187589, -0.794649, -0.577359, -0.187587, -0.794649, -0.577359, -0.187587, -0.794649, -0.577359, -0.187587, -0.794649, 0.577359, -0.187587, -0.794649, 0.577359, -0.187587, -0.794649, 0.577359, -0.187587, 0.303536, 0.934171, -0.187589, 0.303536, 0.934171, -0.187589, 0.303536, 0.934171, -0.187589, 0.794649, -0.577359, 0.187587, 0.794649, -0.577359, 0.187587, 0.794649, -0.577359, 0.187587, -0.303536, -0.934171, 0.187589, -0.303536, -0.934171, 0.187589, -0.303536, -0.934171, 0.187589, -0.982246, 0.0, 0.187597, -0.982246, 0.0, 0.187597, -0.982246, 0.0, 0.187597, -0.303536, 0.934171, 0.187589, -0.303536, 0.934171, 0.187589, -0.303536, 0.934171, 0.187589, 0.794649, 0.577359, 0.187587, 0.794649, 0.577359, 0.187587, 0.794649, 0.577359, 0.187587, 0.491122, -0.356829, 0.794652, 0.491122, -0.356829, 0.794652, 0.491122, -0.356829, 0.794652, -0.187597, -0.577354, 0.794651, -0.187597, -0.577354, 0.794651, -0.187597, -0.577354, 0.794651, -0.607065, 0.0, 0.794652, -0.607065, 0.0, 0.794652, -0.607065, 0.0, 0.794652, -0.187597, 0.577354, 0.794651, -0.187597, 0.577354, 0.794651, -0.187597, 0.577354, 0.794651, 0.491122, 0.356829, 0.794652, 0.491122, 0.356829, 0.794652, 0.491122, 0.356829, 0.794652],
    "colors": [1.0, 1.0, 1.0, 1.0, 1.0, 1.0, 1.0, 1.0, 1.0, 1.0, 1.0, 1.0, 1.0, 1.0, 1.0, 1.0, 1.0, 1.0, 1.0, 1.0, 1.0, 1.0, 1.0, 1.0, 1.0, 1.0, 1.0, 1.0, 1.0, 1.0, 1.0, 1.0, 1.0, 1.0, 1.0, 1.0, 1.0, 1.0, 1.0, 1.0, 1.0, 1.0, 1.0, 1.0, 1.0, 1.0, 1.0, 1.0, 1.0, 1.0, 1.0, 1.0, 1.0, 1.0, 1.0, 1.0, 1.0, 1.0, 1.0, 1.0, 1.0, 1.0, 1.0, 1.0, 1.0, 1.0, 1.0, 1.0, 1.0, 1.0, 1.0, 1.0, 1.0, 1.0, 1.0, 1.0, 1.0, 1.0, 1.0, 1.0, 1.0, 1.0, 1.0, 1.0, 1.0, 1.0, 1.0, 1.0, 1.0, 1.0, 1.0, 1.0, 1.0, 1.0, 1.0, 1.0, 1.0, 1.0, 1.0, 1.0, 1.0, 1.0, 1.0, 1.0, 1.0, 1.0, 1.0, 1.0, 1.0, 1.0, 1.0, 1.0, 1.0, 1.0, 1.0, 1.0, 1.0, 1.0, 1.0, 1.0, 1.0, 1.0, 1.0, 1.0, 1.0, 1.0, 1.0, 1.0, 1.0, 1.0, 1.0, 1.0, 1.0, 1.0, 1.0, 1.0, 1.0, 1.0, 1.0, 1.0, 1.0, 1.0, 1.0, 1.0, 1.0, 1.0, 1.0, 1.0, 1.0, 1.0, 1.0, 1.0, 1.0, 1.0, 1.0, 1.0, 1.0, 1.0, 1.0, 1.0, 1.0, 1.0, 1.0, 1.0, 1.0, 1.0, 1.0, 1.0, 1.0, 1.0, 1.0, 1.0, 1.0, 1.0, 1.0, 1.0, 1.0, 1.0, 1.0, 1.0],
    "uvs": [],
    "faces": [0, 1, 2, 3, 4, 5, 6, 7, 8, 9, 10, 11, 12, 13, 14, 15, 16, 17, 18, 19, 20, 21, 22, 23, 24, 25, 26, 27, 28, 29, 30, 31, 32, 33, 34, 35, 36, 37, 38, 39, 40, 41, 42, 43, 44, 45, 46, 47, 48, 49, 50, 51, 52, 53, 54, 55, 56, 57, 58, 59],
    "bones": [],
    "boneWeights": [],
    "boneIndices": [],
    "animations": {}
}
